<?xml version="1.0" encoding="UTF-8"?>
<beans xmlns="http://www.springframework.org/schema/beans"
    xmlns:xsi="http://www.w3.org/2001/XMLSchema-instance"
    xmlns:context="http://www.springframework.org/schema/context"
    xsi:schemaLocation="http://www.springframework.org/schema/beans
        https://www.springframework.org/schema/beans/spring-beans.xsd
        http://www.springframework.org/schema/context
        https://www.springframework.org/schema/context/spring-context.xsd">
  
   <!--  <bean id="tea" class="com.xzy.Teacher">  
          <property name="name" value="老王"></property>
    </bean>

    <bean id="stu" class="com.xzy.Student">
          <property name="name" value="小张"></property>
          <property name="age" value="23"></property>
          <property name="tea" ref="tea"></property>
    </bean> -->
    <!-- 开启annotation支持 -->
   <context:annotation-config></context:annotation-config>
   <!-- 扫描基包下的所有类上的Annotation -->
   <context:component-scan base-package="com.xzy"></context:component-scan>

</beans>