<?xml version="1.0" encoding="UTF-8"?>
<beans xmlns="http://www.springframework.org/schema/beans"
    xmlns:xsi="http://www.w3.org/2001/XMLSchema-instance"
    xsi:schemaLocation="http://www.springframework.org/schema/beans
        https://www.springframework.org/schema/beans/spring-beans.xsd">

    <bean id="tea" class="com.xzy.Teacher">  
          <property name="name" value="老王"></property>
    </bean>

    <bean id="stu" class="com.xzy.Student">
          <property name="name" value="小张"></property>
          <property name="age" value="23"></property>
          <property name="tea" ref="tea"></property>
    </bean>


</beans>